Channel,Date,Users,New Users,Sessions,Bounce Rate,Pages / Session,Avg. Session Duration,Conversions
Social,1/1/2022,14,11,18,0,2.22,0,0
Referral,1/1/2022,11,9,12,0,1.58,0.01,0
Organic Search,1/1/2022,150,133,173,0.05,1.11,0,0
Paid,1/1/2022,15,12,20,0.2,1,0,0
Social,1/2/2022,20,16,21,0.1,1,0,0
Referral,1/2/2022,5,5,5,0,1.4,0,0
Organic Search,1/2/2022,310,273,335,0.04,1.12,0,0
Paid,1/2/2022,22,18,27,0.37,1.19,0,0
Social,1/3/2022,13,12,19,0,1.37,0,0
Referral,1/3/2022,18,16,20,0,0.95,0,0
Organic Search,1/3/2022,606,541,648,0.03,1.08,0,0
Paid,1/3/2022,36,29,41,0.12,1.73,0,0
Social,1/4/2022,15,12,16,0,1.94,0,0
Referral,1/4/2022,12,12,13,0.15,1,0.01,0
Organic Search,1/4/2022,799,713,865,0.03,1.08,0,0
Paid,1/4/2022,25,19,27,0.19,1.04,0,0
Social,1/5/2022,14,12,17,0.06,1.24,0,0
Referral,1/5/2022,15,11,16,0.06,1.56,0.01,0
Organic Search,1/5/2022,802,716,892,0.04,1.08,0,0
Paid,1/5/2022,46,44,49,0.1,1.37,0,0
Social,1/6/2022,22,18,25,0,1.48,0,0
Referral,1/6/2022,5,3,9,0.22,0.56,0,0
Organic Search,1/6/2022,830,743,896,0.04,1.08,0,0
Paid,1/6/2022,44,40,67,0.07,1.3,0,0
Social,1/7/2022,15,10,16,0,1.81,0,0
Referral,1/7/2022,5,4,8,0.13,1.12,0,0
Organic Search,1/7/2022,673,613,728,0.04,1.09,0,1
Paid,1/7/2022,41,34,45,0.13,1.22,0,2
Social,1/8/2022,21,20,24,0.04,1.83,0,2
Referral,1/8/2022,10,10,13,0.08,0.92,0,2
Organic Search,1/8/2022,265,239,291,0.06,1.05,0,1
Paid,1/8/2022,21,18,25,0.16,1.36,0,2
Social,1/9/2022,18,15,18,0,1.17,0,1
Referral,1/9/2022,14,13,17,0.12,2,0,2
Organic Search,1/9/2022,426,384,471,0.05,1.06,0,1
Paid,1/9/2022,17,16,21,0.14,1,0,2
Social,1/10/2022,30,26,31,0,1,0,1
Referral,1/10/2022,23,19,25,0.04,1.24,0,1
Organic Search,1/10/2022,876,769,964,0.03,1.06,0,2
Paid,1/10/2022,38,34,43,0.16,1,0,1
Social,1/11/2022,20,17,20,0.05,1.1,0,1
Referral,1/11/2022,16,15,19,0.11,1.53,0,1
Organic Search,1/11/2022,917,830,983,0.03,1.07,0,2
Paid,1/11/2022,48,42,53,0.15,1.45,0,1
Social,1/12/2022,17,13,23,0,0.91,0,1
Referral,1/12/2022,18,16,18,0,1.11,0,2
Organic Search,1/12/2022,1016,915,1095,0.04,1.15,0,1
Paid,1/12/2022,39,30,52,0.12,1.15,0,2
Social,1/13/2022,10,8,11,0,1.27,0,2
Referral,1/13/2022,16,12,16,0,1.44,0,1
Organic Search,1/13/2022,894,807,972,0.03,1.08,0,2
Paid,1/13/2022,48,45,53,0.09,1.09,0,1
Social,1/14/2022,12,9,13,0.15,1,0,2
Referral,1/14/2022,13,12,18,0,1.72,0.01,2
Organic Search,1/14/2022,704,631,754,0.04,1.08,0,2
Paid,1/14/2022,44,41,47,0.23,1.23,0,2
Social,1/15/2022,9,9,10,0,1.2,0,1
Referral,1/15/2022,6,5,6,0.17,1,0,1
Organic Search,1/15/2022,284,256,308,0.05,1.1,0,1
Paid,1/15/2022,23,21,28,0.18,1.5,0,2
Social,1/16/2022,17,15,20,0.05,1.3,0,2
Referral,1/16/2022,8,7,9,0,0.89,0.01,2
Organic Search,1/16/2022,456,413,485,0.05,1.06,0,2
Paid,1/16/2022,28,20,34,0.09,1.09,0,2
Social,1/17/2022,15,11,15,0.07,1.6,0,2
Referral,1/17/2022,10,9,10,0,1.2,0,1
Organic Search,1/17/2022,844,743,892,0.04,1.13,0,2
Paid,1/17/2022,43,36,52,0.1,0.96,0,2
(Other),1/17/2022,1,0,1,1,1,0,2
Social,1/18/2022,23,20,24,0,1.12,0,1
Referral,1/18/2022,17,12,18,0.06,1.28,0,2
Organic Search,1/18/2022,1014,922,1089,0.03,1.08,0,2
Paid,1/18/2022,49,44,56,0.18,1.11,0,2
Social,1/19/2022,21,18,22,0.05,1.05,0,1
Referral,1/19/2022,13,12,13,0.08,1.77,0,2
Organic Search,1/19/2022,1052,957,1139,0.04,1.07,0,1
Paid,1/19/2022,58,47,64,0.16,1.05,0,2
Social,1/20/2022,17,15,19,0,1.37,0,1
Referral,1/20/2022,14,13,15,0.13,1.13,0,2
Organic Search,1/20/2022,953,864,1016,0.04,1.08,0,1
Paid,1/20/2022,88,81,95,0.63,1.06,0,2
Social,1/21/2022,17,16,21,0.1,1.14,0,2
Referral,1/21/2022,19,18,20,0.05,1.05,0,2
Organic Search,1/21/2022,738,662,774,0.03,1.09,0,1
Paid,1/21/2022,27,22,31,0.29,1.06,0,1
Social,1/22/2022,9,9,10,0,1,0,1
Referral,1/22/2022,15,10,17,0.12,1.53,0,2
Organic Search,1/22/2022,318,276,340,0.04,1.07,0,2
Paid,1/22/2022,21,21,21,0.24,1.24,0,1
Social,1/23/2022,12,11,13,0,1.38,0,2
Referral,1/23/2022,14,9,15,0.07,1.33,0,2
Organic Search,1/23/2022,491,447,523,0.03,1.11,0,2
Paid,1/23/2022,29,25,35,0.14,1.2,0,1
Social,1/24/2022,22,17,24,0.08,1.17,0,1
Referral,1/24/2022,11,6,12,0.17,1.33,0,1
Organic Search,1/24/2022,1018,909,1101,0.05,1.1,0,1
Paid,1/24/2022,49,39,52,0.13,1.06,0,2
Social,1/25/2022,19,17,21,0.05,1.14,0,1
Referral,1/25/2022,18,16,19,0.05,0.95,0,2
Organic Search,1/25/2022,987,897,1051,0.05,1.09,0,2
Paid,1/25/2022,66,57,72,0.24,1.11,0,1
Social,1/26/2022,15,11,16,0,1.12,0,2
Referral,1/26/2022,22,18,27,0.04,1.04,0,1
Organic Search,1/26/2022,1023,942,1087,0.05,1.1,0,1
Paid,1/26/2022,40,36,44,0.2,1.09,0,1
Social,1/27/2022,13,13,13,0,1,0,2
Referral,1/27/2022,17,15,17,0,1.29,0,2
Organic Search,1/27/2022,1053,960,1120,0.05,1.08,0,1
Paid,1/27/2022,55,44,62,0.31,1.02,0,1
(Other),1/27/2022,2,2,2,0.5,1.5,0,2
Social,1/28/2022,15,15,18,0.06,1,0,2
Referral,1/28/2022,13,12,16,0.06,1.5,0.01,2
Organic Search,1/28/2022,811,734,864,0.03,1.08,0,1
Paid,1/28/2022,40,35,45,0.2,1.13,0,2
(Other),1/28/2022,1,1,1,0,1,0,2
Social,1/29/2022,14,14,16,0,1.25,0,1
Referral,1/29/2022,9,6,9,0,1.22,0,2
Organic Search,1/29/2022,371,339,409,0.07,1.06,0,1
Paid,1/29/2022,39,34,42,0.21,1.31,0,1
(Other),1/29/2022,1,0,1,0,1,0,1
Social,1/30/2022,18,17,19,0.05,1.05,0,2
Referral,1/30/2022,9,8,10,0,3.1,0,2
Organic Search,1/30/2022,478,437,507,0.05,1.12,0,2
Paid,1/30/2022,32,27,38,0.32,1.26,0,1
Social,1/31/2022,13,13,15,0.07,1.13,0,2
Referral,1/31/2022,16,11,16,0,1.38,0,2
Organic Search,1/31/2022,984,894,1056,0.04,1.1,0,1
Paid,1/31/2022,35,25,38,0.16,1.03,0,1
Social,2/1/2022,19,18,20,0.05,1.05,0,1
Referral,2/1/2022,13,10,14,0.07,1.14,0,2
Organic Search,2/1/2022,1031,938,1087,0.04,1.09,0,1
Paid,2/1/2022,44,38,47,0.17,1.32,0,2
Social,2/2/2022,17,15,18,0,1.06,0,1
Referral,2/2/2022,13,11,13,0,1.31,0,1
Organic Search,2/2/2022,1120,1018,1192,0.04,1.08,0,2
Paid,2/2/2022,45,36,51,0.04,1.35,0,2
Social,2/3/2022,22,18,24,0.04,1.08,0,1
Referral,2/3/2022,18,14,21,0,1.14,0,1
Organic Search,2/3/2022,1155,1058,1243,0.04,1.08,0,1
Paid,2/3/2022,47,41,52,0.13,1.4,0,1
Social,2/4/2022,10,8,10,0,1.3,0,2
Referral,2/4/2022,13,12,14,0,1.57,0,1
Organic Search,2/4/2022,845,767,895,0.03,1.1,0,1
Paid,2/4/2022,33,27,36,0.06,1.25,0,1
Social,2/5/2022,12,10,13,0.08,0.92,0,2
Referral,2/5/2022,3,3,3,0,2,0.01,1
Organic Search,2/5/2022,363,342,401,0.05,1.13,0,1
Paid,2/5/2022,25,20,27,0.19,1.22,0,2
Social,2/6/2022,14,11,16,0.13,1.25,0,1
Referral,2/6/2022,11,11,12,0.08,1.08,0,2
Organic Search,2/6/2022,596,550,630,0.06,1.07,0,1
Paid,2/6/2022,34,30,42,0.17,1.36,0.01,1
Social,2/7/2022,15,12,18,0,1,0,1
Referral,2/7/2022,18,16,19,0.05,1.32,0,1
Organic Search,2/7/2022,1171,1081,1251,0.04,1.09,0,2
Paid,2/7/2022,45,31,48,0.15,1.15,0,1
Social,2/8/2022,21,18,27,0.04,1.78,0,2
Referral,2/8/2022,21,19,23,0.04,1.09,0,1
Organic Search,2/8/2022,1232,1101,1325,0.04,1.09,0,2
Paid,2/8/2022,57,44,62,0.11,1.13,0,2
Social,2/9/2022,21,20,23,0,1.13,0,2
Referral,2/9/2022,23,20,27,0.11,1.78,0,1
Organic Search,2/9/2022,1219,1102,1298,0.05,1.09,0,1
Paid,2/9/2022,55,48,61,0.16,1.18,0,2
Social,2/10/2022,22,21,23,0,1.26,0,2
Referral,2/10/2022,23,22,24,0.04,1.08,0,2
Organic Search,2/10/2022,1219,1089,1307,0.04,1.09,0,2
Paid,2/10/2022,72,66,77,0.05,1.08,0,1
Social,2/11/2022,23,20,27,0.04,1.37,0,1
Referral,2/11/2022,18,13,21,0,1.86,0,1
Organic Search,2/11/2022,951,852,1019,0.05,1.09,0,2
Paid,2/11/2022,39,28,49,0.18,1.06,0,5
Social,2/12/2022,13,11,13,0,1.31,0,9
Referral,2/12/2022,6,4,8,0,1,0,4
Organic Search,2/12/2022,368,339,397,0.05,1.11,0,4
Paid,2/12/2022,28,22,31,0.19,1,0,7
Social,2/13/2022,11,10,12,0.08,1.5,0,10
Referral,2/13/2022,12,10,12,0,1.17,0,9
Organic Search,2/13/2022,549,489,600,0.03,1.05,0,8
Paid,2/13/2022,29,25,36,0.08,1.33,0,8
(Other),2/13/2022,1,0,1,0,1,0,8
Social,2/14/2022,21,18,24,0.04,1.08,0,10
Referral,2/14/2022,8,5,8,0.13,1.12,0,6
Organic Search,2/14/2022,1142,1040,1205,0.04,1.09,0,1
Paid,2/14/2022,47,39,52,0.13,1.21,0,0
Social,2/15/2022,20,16,21,0.05,1.57,0,2
Referral,2/15/2022,21,18,25,0.08,1.4,0,8
Organic Search,2/15/2022,1259,1147,1367,0.04,1.08,0,5
Paid,2/15/2022,49,39,54,0.09,1.19,0,8
Social,2/16/2022,21,14,22,0,1.64,0,4
Referral,2/16/2022,18,14,18,0,1.28,0,10
Organic Search,2/16/2022,1146,1034,1231,0.03,1.08,0,6
Paid,2/16/2022,59,52,62,0.16,1.31,0,2
(Other),2/16/2022,1,0,1,0,2,0,7
Social,2/17/2022,16,16,22,0,1.64,0,5
Referral,2/17/2022,21,18,24,0,1.75,0,5
Organic Search,2/17/2022,1170,1077,1254,0.04,1.06,0,3
Paid,2/17/2022,45,40,53,0.21,1.34,0,10
Social,2/18/2022,16,15,18,0,1.22,0,0
Referral,2/18/2022,20,16,20,0,1.2,0,0
Organic Search,2/18/2022,852,752,913,0.04,1.07,0,9
Paid,2/18/2022,44,37,53,0.23,1.04,0,7
Social,2/19/2022,14,13,17,0,1,0,10
Referral,2/19/2022,3,3,3,0.33,1,0,10
Organic Search,2/19/2022,341,295,376,0.04,1.13,0,1
Paid,2/19/2022,24,22,25,0.08,1.12,0,5
(Other),2/19/2022,1,0,1,0,3,0,2
Social,2/20/2022,20,18,21,0,1.19,0,8
Referral,2/20/2022,11,11,14,0,1.29,0,4
Organic Search,2/20/2022,609,561,654,0.06,1.12,0,8
Paid,2/20/2022,33,26,37,0.19,1,0,1
Social,2/21/2022,27,26,30,0,1.07,0,0
Referral,2/21/2022,16,13,17,0.06,1.12,0,10
Organic Search,2/21/2022,1074,964,1158,0.04,1.07,0,6
Paid,2/21/2022,56,49,63,0.11,1.16,0,8
Social,2/22/2022,16,11,19,0,1.11,0,6
Referral,2/22/2022,18,15,20,0,1.2,0,6
Organic Search,2/22/2022,1172,1072,1239,0.05,1.09,0,9
Paid,2/22/2022,43,34,46,0.11,1.17,0,0
Social,2/23/2022,23,21,24,0,1.29,0,6
Referral,2/23/2022,21,17,22,0.14,1,0,5
Organic Search,2/23/2022,1281,1165,1364,0.04,1.08,0,9
Paid,2/23/2022,51,45,57,0.14,1.11,0,4
Social,2/24/2022,23,20,25,0.04,1.12,0,4
Referral,2/24/2022,22,19,22,0,1.5,0,3
Organic Search,2/24/2022,1341,1225,1430,0.04,1.07,0,8
Paid,2/24/2022,93,81,98,0.28,1.29,0,6
Social,2/25/2022,11,9,15,0.07,1.33,0,7
Referral,2/25/2022,8,7,8,0.13,1.38,0,0
Organic Search,2/25/2022,959,843,1027,0.04,1.1,0,9
Paid,2/25/2022,37,31,43,0.09,1.12,0,7
Social,2/26/2022,14,11,16,0,1.25,0,2
Referral,2/26/2022,7,7,7,0.29,1.29,0,4
Organic Search,2/26/2022,442,411,485,0.05,1.08,0,9
Paid,2/26/2022,14,10,15,0.33,0.93,0,6
Social,2/27/2022,26,25,33,0.12,1.09,0,5
Referral,2/27/2022,9,9,9,0.33,1.78,0,5
Organic Search,2/27/2022,696,643,732,0.05,1.11,0,6
Paid,2/27/2022,43,39,51,0.14,1.18,0,10
Social,2/28/2022,19,18,21,0,1.05,0,10
Referral,2/28/2022,13,12,13,0,1.23,0,8
Organic Search,2/28/2022,1221,1114,1307,0.05,1.07,0,8
Paid,2/28/2022,47,39,58,0.12,1.14,0,2
Social,3/1/2022,15,13,17,0.18,0.94,0,4
Referral,3/1/2022,18,15,20,0,1.15,0,0
Organic Search,3/1/2022,1235,1128,1310,0.04,1.06,0,9
Paid,3/1/2022,51,41,57,0.14,1.16,0,8
Social,3/2/2022,16,16,20,0.05,1.2,0,7
Referral,3/2/2022,27,23,28,0.11,1.07,0,0
Organic Search,3/2/2022,1386,1266,1490,0.05,1.09,0,13
Paid,3/2/2022,44,37,50,0.1,1.24,0,4
Social,3/3/2022,22,19,22,0.05,1.05,0,6
Referral,3/3/2022,16,15,20,0.05,1.15,0,2
Organic Search,3/3/2022,1314,1207,1413,0.03,1.09,0,8
Paid,3/3/2022,38,30,46,0.11,1.13,0,6
Social,3/4/2022,11,10,12,0.17,1.08,0,9
Referral,3/4/2022,15,15,18,0,1.61,0,3
Organic Search,3/4/2022,970,875,1041,0.05,1.1,0,4
Paid,3/4/2022,55,48,60,0.1,2.72,0,7
Social,3/5/2022,10,10,10,0.1,1,0,3
Referral,3/5/2022,9,8,9,0.33,1,0,10
Organic Search,3/5/2022,437,394,466,0.04,1.1,0,3
Paid,3/5/2022,34,29,37,0.27,1.22,0,2
Social,3/6/2022,19,17,24,0.04,1.08,0,4
Referral,3/6/2022,11,9,11,0.09,1.18,0,7
Organic Search,3/6/2022,630,572,671,0.03,1.11,0,6
Paid,3/6/2022,38,31,44,0.2,1.57,0,6
Social,3/7/2022,18,14,24,0,1.21,0,9
Referral,3/7/2022,15,13,16,0,1.12,0,0
Organic Search,3/7/2022,1276,1146,1381,0.04,1.05,0,1
Paid,3/7/2022,57,45,68,0.19,1.84,0,6
Social,3/8/2022,26,24,28,0,1.14,0,2
Referral,3/8/2022,20,16,21,0.05,1.19,0,6
Organic Search,3/8/2022,1368,1226,1463,0.05,1.08,0,15
Paid,3/8/2022,60,50,66,0.17,1.18,0,2
Social,3/9/2022,26,22,26,0.08,1.15,0,8
Referral,3/9/2022,25,24,27,0.07,1.22,0,7
Organic Search,3/9/2022,1347,1206,1455,0.04,1.07,0,8
Paid,3/9/2022,70,57,78,0.1,1.18,0,4
Social,3/10/2022,22,18,23,0,1.04,0,3
Referral,3/10/2022,19,17,21,0.05,1.19,0,9
Organic Search,3/10/2022,1293,1169,1398,0.04,1.08,0,1
Paid,3/10/2022,70,57,77,0.14,1.06,0,4
Social,3/11/2022,19,16,21,0.05,1.48,0,3
Referral,3/11/2022,20,18,22,0.09,1.59,0,4
Organic Search,3/11/2022,914,829,984,0.04,1.1,0,5
Paid,3/11/2022,54,44,68,0.12,1.15,0,10
Social,3/12/2022,14,12,17,0,1.41,0,7
Referral,3/12/2022,12,10,14,0,1,0,4
Organic Search,3/12/2022,401,373,438,0.04,1.11,0,7
Paid,3/12/2022,20,15,23,0.3,1.09,0,7
(Other),3/12/2022,1,1,1,0,1,0,8
Social,3/13/2022,22,20,26,0.15,1.15,0,7
Referral,3/13/2022,13,11,17,0.12,1.41,0,9
Organic Search,3/13/2022,564,507,600,0.04,1.09,0,9
Paid,3/13/2022,23,19,28,0.11,1,0,5
(Other),3/13/2022,1,0,2,1,1,0,2
Social,3/14/2022,27,26,30,0,1.2,0,0
Referral,3/14/2022,14,12,15,0.07,1.13,0,10
Organic Search,3/14/2022,1300,1172,1397,0.04,1.08,0,5
Paid,3/14/2022,62,47,70,0.16,1.03,0,9
Social,3/15/2022,26,22,26,0.08,1.08,0,7
Referral,3/15/2022,23,21,25,0.04,1.08,0,2
Organic Search,3/15/2022,1338,1208,1455,0.04,1.1,0,3
Paid,3/15/2022,61,50,66,0.12,1.32,0,8
Social,3/16/2022,20,20,25,0.04,1.12,0,4
Referral,3/16/2022,16,15,20,0.05,1.55,0,0
Organic Search,3/16/2022,1408,1266,1498,0.04,1.09,0,14
Paid,3/16/2022,70,63,80,0.18,1.04,0,8
Social,3/17/2022,24,20,27,0,1.78,0,10
Referral,3/17/2022,21,18,27,0.15,1.11,0,1
Organic Search,3/17/2022,1198,1089,1295,0.04,1.09,0,2
Paid,3/17/2022,53,45,65,0.14,1.18,0,0
Social,3/18/2022,24,17,27,0.04,1.07,0,4
Referral,3/18/2022,14,9,15,0.07,1.47,0,8
Organic Search,3/18/2022,881,793,946,0.04,1.09,0,1
Paid,3/18/2022,60,54,76,0.08,1.47,0,9
(Other),3/18/2022,3,0,3,0,1.33,0.01,2
Social,3/19/2022,16,14,17,0.06,1.24,0,1
Referral,3/19/2022,8,4,9,0,1.22,0,4
Organic Search,3/19/2022,405,372,435,0.05,1.12,0,2
Paid,3/19/2022,18,15,21,0.19,1.14,0,5
Social,3/20/2022,16,16,16,0,1.12,0,3
Referral,3/20/2022,10,8,11,0.09,0.91,0,9
Organic Search,3/20/2022,597,552,632,0.04,1.08,0,1
Paid,3/20/2022,24,19,27,0.19,1.26,0,6
Social,3/21/2022,24,22,27,0,1.19,0,6
Referral,3/21/2022,22,21,22,0,1.14,0,5
Organic Search,3/21/2022,1267,1149,1348,0.04,1.09,0,4
Paid,3/21/2022,63,59,71,0.17,1.03,0,3
Social,3/22/2022,19,18,20,0,1.15,0,2
Referral,3/22/2022,27,24,30,0.1,1,0,2
Organic Search,3/22/2022,1345,1220,1426,0.04,1.11,0,10
Paid,3/22/2022,72,63,77,0.13,2.14,0,2
(Other),3/22/2022,1,0,1,1,1,0,9
Social,3/23/2022,23,18,27,0.04,1.07,0,3
Referral,3/23/2022,20,15,22,0.09,1,0,6
Organic Search,3/23/2022,1363,1226,1462,0.04,1.07,0,14
Paid,3/23/2022,69,66,78,0.18,1.38,0,5
Social,3/24/2022,31,27,33,0.03,1.45,0,4
Referral,3/24/2022,17,15,21,0.05,1.38,0.01,6
Organic Search,3/24/2022,1282,1157,1371,0.03,1.07,0,9
Paid,3/24/2022,67,61,76,0.08,1.04,0,9
Social,3/25/2022,23,21,24,0.04,1.12,0,8
Referral,3/25/2022,12,12,12,0,1,0,4
Organic Search,3/25/2022,918,826,980,0.03,1.12,0,6
Paid,3/25/2022,70,61,77,0.1,1.35,0,8
Social,3/26/2022,13,12,20,0.1,1.4,0,9
Referral,3/26/2022,9,8,11,0.09,1,0,4
Organic Search,3/26/2022,414,388,444,0.05,1.17,0,2
Paid,3/26/2022,36,24,45,0.18,1.09,0,8
Social,3/27/2022,15,13,16,0,1.75,0,6
Referral,3/27/2022,8,6,11,0,1.55,0,3
Organic Search,3/27/2022,562,520,597,0.04,1.14,0,6
Paid,3/27/2022,29,22,34,0.09,1.12,0,10
Social,3/28/2022,26,22,33,0.06,2,0,4
Referral,3/28/2022,29,28,30,0.03,1.43,0.01,9
Organic Search,3/28/2022,1281,1142,1368,0.04,1.1,0,3
Paid,3/28/2022,58,51,64,0.23,1.11,0,10
Social,3/29/2022,16,12,20,0.1,1.1,0,4
Referral,3/29/2022,19,16,20,0.05,1.1,0,6
Organic Search,3/29/2022,1353,1216,1453,0.04,1.11,0,10
Paid,3/29/2022,59,49,65,0.14,1.14,0,8
Social,3/30/2022,27,20,35,0.03,1.2,0,7
Referral,3/30/2022,12,10,13,0,1.08,0,8
Organic Search,3/30/2022,1378,1258,1481,0.04,1.08,0,16
Paid,3/30/2022,67,58,86,0.16,1.31,0,0
Social,3/31/2022,19,13,20,0.05,1.5,0,8
Referral,3/31/2022,15,13,15,0.07,1.2,0,8
Organic Search,3/31/2022,1266,1144,1368,0.04,1.08,0,1
Paid,3/31/2022,40,31,41,0.05,1.37,0,10
Social,4/1/2022,17,14,18,0.06,1.11,0,0
Referral,4/1/2022,20,18,22,0.05,1.09,0,8
Organic Search,4/1/2022,896,797,956,0.03,1.08,0,5
Paid,4/1/2022,42,32,48,0.13,1.12,0,0
Social,4/2/2022,15,13,24,0.04,1.79,0,3
Referral,4/2/2022,16,12,18,0.06,1.56,0,3
Organic Search,4/2/2022,343,309,363,0.04,1.14,0,2
Paid,4/2/2022,20,17,22,0.18,1.32,0,9
Social,4/3/2022,34,28,44,0.05,1.02,0,1
Referral,4/3/2022,12,7,12,0,1.08,0,2
Organic Search,4/3/2022,634,582,682,0.04,1.17,0,3
Paid,4/3/2022,44,37,48,0.19,1.27,0,5
Social,4/4/2022,31,21,33,0.03,0.97,0,8
Referral,4/4/2022,19,14,20,0.1,1.5,0,6
Organic Search,4/4/2022,1252,1121,1340,0.04,1.1,0,3
Paid,4/4/2022,52,41,61,0.16,1.1,0,8
Social,4/5/2022,25,16,31,0,1.55,0,10
Referral,4/5/2022,20,19,20,0,1.65,0,6
Organic Search,4/5/2022,1416,1288,1508,0.04,1.1,0,8
Paid,4/5/2022,55,47,57,0.09,1.07,0,9
Social,4/6/2022,20,17,21,0.05,1.14,0,6
Referral,4/6/2022,19,16,21,0.05,1.14,0,3
Organic Search,4/6/2022,1379,1242,1493,0.04,1.11,0,7
Paid,4/6/2022,49,39,53,0.11,1.23,0,8
Social,4/7/2022,16,11,17,0,1.29,0,5
Referral,4/7/2022,26,21,30,0.1,1.5,0,10
Organic Search,4/7/2022,1351,1209,1470,0.04,1.08,0,14
Paid,4/7/2022,51,41,60,0.15,1.17,0,2
Social,4/8/2022,28,22,33,0,1.39,0,0
Referral,4/8/2022,25,21,27,0.07,1.11,0,0
Organic Search,4/8/2022,994,896,1075,0.04,1.11,0,8
Paid,4/8/2022,42,32,45,0.16,1.13,0,8
Social,4/9/2022,17,14,21,0.05,1.24,0,4
Referral,4/9/2022,11,9,11,0,3,0,6
Organic Search,4/9/2022,415,376,436,0.05,1.26,0,7
Paid,4/9/2022,14,12,15,0.13,1.07,0,8
Social,4/10/2022,62,59,64,0.17,1.03,0,5
Referral,4/10/2022,7,6,7,0,1.14,0,10
Organic Search,4/10/2022,602,551,638,0.05,1.09,0,3
Paid,4/10/2022,25,22,29,0.1,1.55,0,3
Social,4/11/2022,34,29,37,0.11,1.49,0,10
Referral,4/11/2022,17,13,17,0,1.29,0,1
Organic Search,4/11/2022,1277,1143,1379,0.03,1.09,0,6
Paid,4/11/2022,50,44,56,0.16,1,0,10
Social,4/12/2022,15,15,17,0,1.12,0,2
Referral,4/12/2022,23,20,26,0,1.42,0,4
Organic Search,4/12/2022,1356,1226,1461,0.03,1.08,0,15
Paid,4/12/2022,46,39,54,0.07,1.44,0,2
Social,4/13/2022,25,22,29,0.1,1.72,0,1
Referral,4/13/2022,29,24,35,0.03,1.14,0,0
Organic Search,4/13/2022,1270,1125,1366,0.04,1.08,0,9
Paid,4/13/2022,46,35,55,0.2,1.02,0,1
Social,4/14/2022,22,19,24,0.04,1.08,0,7
Referral,4/14/2022,25,23,28,0.07,1.07,0,0
Organic Search,4/14/2022,1066,971,1149,0.04,1.06,0,6
Paid,4/14/2022,38,33,42,0.26,1.33,0,7
Social,4/15/2022,17,14,17,0.12,1.24,0,0
Referral,4/15/2022,23,16,29,0.07,1.03,0,7
Organic Search,4/15/2022,632,565,672,0.04,1.07,0,7
Paid,4/15/2022,37,30,43,0.12,1.35,0,9
Social,4/16/2022,15,13,16,0,1.19,0,9
Referral,4/16/2022,13,10,13,0,1.69,0,6
Organic Search,4/16/2022,349,317,380,0.04,1.15,0,9
Paid,4/16/2022,14,12,18,0.22,1,0,4
Social,4/17/2022,15,12,17,0.06,0.94,0,6
Referral,4/17/2022,26,23,34,0.03,1.53,0.01,0
Organic Search,4/17/2022,482,428,526,0.06,1.1,0,4
Paid,4/17/2022,24,19,30,0.1,1,0,2
Social,4/18/2022,24,20,25,0,1.2,0,0
Referral,4/18/2022,23,18,24,0.25,1.04,0,7
Organic Search,4/18/2022,1030,919,1114,0.04,1.09,0,6
Paid,4/18/2022,31,27,34,0.12,1.18,0,8
Social,4/19/2022,28,23,30,0.03,1.03,0,9
Referral,4/19/2022,25,22,25,0.04,1.76,0,1
Organic Search,4/19/2022,1300,1165,1398,0.03,1.08,0,4
Paid,4/19/2022,48,42,53,0.15,1.19,0,7
Social,4/20/2022,10,7,12,0.17,1.33,0,10
Referral,4/20/2022,25,18,31,0.1,1.26,0,5
Organic Search,4/20/2022,1251,1131,1328,0.04,1.1,0,6
Paid,4/20/2022,48,37,57,0.12,1.02,0,3
Social,4/21/2022,16,15,21,0.05,1.81,0,9
Referral,4/21/2022,28,26,31,0.03,1.16,0,7
Organic Search,4/21/2022,1193,1061,1278,0.04,1.08,0,5
Paid,4/21/2022,421,411,467,0.02,1.91,0,3
Social,4/22/2022,14,12,16,0.06,1.31,0,5
Referral,4/22/2022,19,17,20,0.1,1.05,0,4
Organic Search,4/22/2022,986,875,1048,0.04,1.08,0,1
Paid,4/22/2022,47,37,50,0.1,1.3,0,3
Social,4/23/2022,21,19,22,0.14,1,0,10
Referral,4/23/2022,8,5,11,0,1.18,0,7
Organic Search,4/23/2022,410,379,441,0.04,1.17,0,6
Paid,4/23/2022,34,25,39,0.1,1.08,0,10
Social,4/24/2022,16,12,19,0,1,0,9
Referral,4/24/2022,22,17,23,0.09,1.17,0,2
Organic Search,4/24/2022,529,469,571,0.05,1.14,0,5
Paid,4/24/2022,26,19,30,0.1,1.57,0,2
Social,4/25/2022,34,28,42,0.02,1.24,0,4
Referral,4/25/2022,26,22,29,0.07,1.17,0,3
Organic Search,4/25/2022,1222,1099,1310,0.04,1.12,0,3
Paid,4/25/2022,53,45,57,0.19,4.04,0,2
Social,4/26/2022,18,15,21,0.05,1.1,0,7
Referral,4/26/2022,19,16,19,0.05,1.53,0,3
Organic Search,4/26/2022,1351,1222,1462,0.04,1.15,0,11
Paid,4/26/2022,76,66,87,0.2,1.08,0,6
Social,4/27/2022,21,15,24,0.08,1.62,0,5
Referral,4/27/2022,16,16,17,0.06,1,0,4
Organic Search,4/27/2022,1315,1199,1394,0.04,1.08,0,4
Paid,4/27/2022,60,51,66,0.21,1.11,0,10
Social,4/28/2022,20,17,21,0,1.71,0,10
Referral,4/28/2022,11,7,12,0,2.75,0.01,0
Organic Search,4/28/2022,1318,1187,1410,0.05,1.1,0,5
Paid,4/28/2022,39,33,43,0.09,1.02,0,9
Social,4/29/2022,19,18,20,0,1.1,0,9
Referral,4/29/2022,17,11,20,0.15,1.6,0,10
Organic Search,4/29/2022,1025,912,1107,0.05,1.13,0,6
Paid,4/29/2022,56,48,60,0.32,1.17,0,9
Social,4/30/2022,18,15,22,0.05,1.95,0,1
Referral,4/30/2022,7,5,7,0.14,0.86,0,6
Organic Search,4/30/2022,400,359,435,0.04,1.09,0,7
Paid,4/30/2022,20,17,21,0.24,1.52,0,4
Social,5/1/2022,17,13,17,0,1.12,0,0
Referral,5/1/2022,8,7,8,0.13,1,0,3
Organic Search,5/1/2022,518,467,553,0.04,1.16,0,5
Paid,5/1/2022,39,35,47,0.19,1.13,0,8
Social,5/2/2022,14,12,18,0.06,1.39,0,8
Referral,5/2/2022,19,13,21,0.19,1.19,0,9
Organic Search,5/2/2022,1075,977,1142,0.05,1.15,0,3
Paid,5/2/2022,33,29,34,0.15,1.29,0,4
Social,5/3/2022,24,20,29,0.1,1.28,0,9
Referral,5/3/2022,25,22,27,0.07,1.41,0,8
Organic Search,5/3/2022,1239,1116,1334,0.04,1.1,0,8
Paid,5/3/2022,49,43,59,0.12,1.03,0,5
Social,5/4/2022,12,8,14,0.07,1.43,0,6
Referral,5/4/2022,22,18,24,0.13,1.17,0,4
Organic Search,5/4/2022,1314,1198,1391,0.04,1.14,0,9
Paid,5/4/2022,67,58,71,0.28,1.03,0,9
Social,5/5/2022,13,10,15,0,1.2,0,10
Referral,5/5/2022,24,21,27,0,1.11,0,6
Organic Search,5/5/2022,1293,1167,1398,0.05,1.09,0,5
Paid,5/5/2022,66,63,72,0.15,1.14,0,7
Social,5/6/2022,20,19,25,0.04,1.76,0,6
Referral,5/6/2022,12,10,14,0,1.07,0,1
Organic Search,5/6/2022,1022,926,1113,0.04,1.09,0,9
Paid,5/6/2022,46,40,52,0.27,1.37,0,9
Social,5/7/2022,16,14,17,0,1.35,0,9
Referral,5/7/2022,8,7,9,0,1,0,0
Organic Search,5/7/2022,381,347,419,0.04,1.1,0,8
Paid,5/7/2022,19,15,28,0.21,1.96,0,3
(Other),5/7/2022,1,0,1,1,1,0,3
Social,5/8/2022,22,19,22,0,1.14,0,6
Referral,5/8/2022,11,10,12,0,1,0,9
Organic Search,5/8/2022,568,511,615,0.05,1.14,0,8
Paid,5/8/2022,24,22,30,0.17,1.3,0,8
Social,5/9/2022,16,13,18,0.06,1.17,0,0
Referral,5/9/2022,25,18,29,0.14,1.83,0,0
Organic Search,5/9/2022,1360,1234,1449,0.04,1.11,0,6
Paid,5/9/2022,58,54,69,0.19,1.25,0,8
Social,5/10/2022,21,19,22,0,1.45,0,0
Referral,5/10/2022,21,15,21,0.05,1.24,0,3
Organic Search,5/10/2022,1449,1319,1561,0.04,1.09,0,16
Paid,5/10/2022,58,48,68,0.22,1.49,0,0
(Other),5/10/2022,1,0,1,1,1,0,1
Social,5/11/2022,26,20,28,0.07,1.25,0,5
Referral,5/11/2022,27,18,31,0.1,1.42,0,1
Organic Search,5/11/2022,1476,1339,1573,0.04,1.12,0,16
Paid,5/11/2022,678,554,815,0.3,1.68,0,4
Social,5/12/2022,20,15,22,0,1.05,0,3
Referral,5/12/2022,22,17,26,0.04,1.5,0,10
Organic Search,5/12/2022,1364,1213,1477,0.04,1.12,0,5
Paid,5/12/2022,75,66,91,0.11,1.35,0,9
Social,5/13/2022,11,10,12,0,1,0,0
Referral,5/13/2022,16,14,16,0.13,1.06,0,8
Organic Search,5/13/2022,971,871,1039,0.05,1.1,0,9
Paid,5/13/2022,50,43,57,0.19,1.32,0,9
(Other),5/13/2022,1,1,1,1,1,0,5
Social,5/14/2022,17,17,19,0.05,1.05,0,4
Referral,5/14/2022,7,7,9,0.11,1.22,0,9
Organic Search,5/14/2022,367,333,386,0.04,1.14,0,5
Paid,5/14/2022,35,27,39,0.23,1.18,0,5
Social,5/15/2022,15,14,16,0.06,1.31,0,8
Referral,5/15/2022,12,9,16,0.13,2.06,0,5
Organic Search,5/15/2022,530,484,576,0.05,1.1,0,2
Paid,5/15/2022,43,38,55,0.13,1.05,0,3
Social,5/16/2022,33,33,34,0,1.32,0,2
Referral,5/16/2022,29,24,29,0.03,1.31,0,0
Organic Search,5/16/2022,1360,1221,1474,0.04,1.11,0,5
Paid,5/16/2022,75,60,87,0.08,1.1,0,5
(Other),5/16/2022,2,1,3,0.33,1,0,0
Social,5/17/2022,22,18,22,0,1.27,0,7
Referral,5/17/2022,25,17,34,0.06,1.21,0,0
Organic Search,5/17/2022,1393,1244,1508,0.04,1.09,0,16
Paid,5/17/2022,56,49,66,0.15,1.2,0,1
Social,5/18/2022,25,20,29,0.03,1.24,0,5
Referral,5/18/2022,26,18,30,0.07,1.13,0,3
Organic Search,5/18/2022,1388,1273,1497,0.04,1.1,0,15
Paid,5/18/2022,93,76,110,0.13,1.26,0,8
Social,5/19/2022,18,16,22,0,1.14,0,1
Referral,5/19/2022,21,16,27,0.07,1.56,0,6
Organic Search,5/19/2022,1398,1251,1482,0.04,1.08,0,11
Paid,5/19/2022,66,49,73,0.26,1.15,0,5
Social,5/20/2022,19,18,20,0,1.15,0,6
Referral,5/20/2022,21,16,24,0,1.08,0,6
Organic Search,5/20/2022,1031,923,1101,0.05,1.11,0,4
Paid,5/20/2022,40,30,43,0.28,1.14,0,5
Social,5/21/2022,17,15,18,0,1.39,0,4
Referral,5/21/2022,6,4,9,0,1.78,0,6
Organic Search,5/21/2022,346,314,382,0.05,1.08,0,5
Paid,5/21/2022,23,20,26,0.12,1.38,0,0
Social,5/22/2022,25,23,26,0,1.46,0,1
Referral,5/22/2022,8,6,9,0.11,0.89,0,2
Organic Search,5/22/2022,609,554,660,0.04,1.1,0,8
Paid,5/22/2022,27,24,31,0.06,1.26,0,7
Social,5/23/2022,22,15,29,0,1.14,0,4
Referral,5/23/2022,21,18,22,0.09,1.41,0,5
Organic Search,5/23/2022,1352,1220,1459,0.05,1.14,0,14
Paid,5/23/2022,44,39,55,0.13,1.05,0,6
Social,5/24/2022,22,20,25,0.08,1.36,0,7
Referral,5/24/2022,32,28,37,0,1.27,0,1
Organic Search,5/24/2022,1423,1273,1517,0.04,1.11,0,12
Paid,5/24/2022,58,51,70,0.14,1.21,0,5
Social,5/25/2022,36,33,41,0.15,1.56,0,4
Referral,5/25/2022,27,24,28,0.07,1.18,0,6
Organic Search,5/25/2022,1550,1408,1661,0.05,1.1,0,6
Paid,5/25/2022,76,70,91,0.11,1.14,0,7
(Other),5/25/2022,1,0,1,1,1,0,7
Social,5/26/2022,26,22,28,0.07,1.21,0,0
Referral,5/26/2022,19,15,20,0.1,1.05,0,2
Organic Search,5/26/2022,1306,1169,1389,0.04,1.15,0,2
Paid,5/26/2022,55,44,59,0.19,1.12,0,4
Social,5/27/2022,29,24,31,0.03,1.23,0,4
Referral,5/27/2022,26,20,28,0,1.07,0,0
Organic Search,5/27/2022,1021,916,1091,0.05,1.09,0,1
Paid,5/27/2022,83,77,85,0.09,1.11,0,6
Social,5/28/2022,23,22,25,0.08,1.48,0,5
Referral,5/28/2022,13,11,13,0,1.23,0,2
Organic Search,5/28/2022,427,384,464,0.03,1.09,0,8
Paid,5/28/2022,27,23,30,0.13,1.07,0,8
Social,5/29/2022,15,12,17,0.12,1.41,0,5
Referral,5/29/2022,22,18,25,0.04,1.64,0,0
Organic Search,5/29/2022,639,579,694,0.05,1.06,0,4
Paid,5/29/2022,33,31,33,0.27,1.09,0,6
Social,5/30/2022,23,18,26,0,1.15,0,5
Referral,5/30/2022,22,16,23,0.09,1.22,0,9
Organic Search,5/30/2022,1197,1087,1288,0.05,1.11,0,1
Paid,5/30/2022,53,46,65,0.2,1.2,0,1
Social,5/31/2022,23,19,28,0,1.25,0,1
Referral,5/31/2022,15,13,17,0,1.47,0,1
Organic Search,5/31/2022,1430,1300,1556,0.04,1.07,0,5
Paid,5/31/2022,56,50,60,0.07,1.43,0,4
Social,6/1/2022,28,22,34,0.03,1.03,0,6
Referral,6/1/2022,16,11,16,0,1.38,0,5
Organic Search,6/1/2022,1343,1192,1453,0.04,1.1,0,12
Paid,6/1/2022,60,51,65,0.11,1.08,0,2
Social,6/2/2022,18,13,19,0,1.11,0,3
Referral,6/2/2022,20,15,22,0.05,1.23,0,5
Organic Search,6/2/2022,1291,1166,1380,0.04,1.1,0,8
Paid,6/2/2022,66,57,71,0.23,1.01,0,6
Social,6/3/2022,21,18,25,0.04,1.12,0,0
Referral,6/3/2022,13,9,16,0.06,1.25,0,6
Organic Search,6/3/2022,981,889,1037,0.04,1.08,0,8
Paid,6/3/2022,43,37,53,0.09,1.51,0,10
Social,6/4/2022,17,14,20,0,1.3,0,9
Referral,6/4/2022,9,5,10,0,2,0,5
Organic Search,6/4/2022,344,317,364,0.06,1.12,0,9
Paid,6/4/2022,18,14,18,0.22,1.83,0,0
Social,6/5/2022,16,12,18,0.06,1.11,0,4
Referral,6/5/2022,14,12,15,0.2,1.2,0,1
Organic Search,6/5/2022,569,513,610,0.05,1.11,0,1
Paid,6/5/2022,32,29,35,0.23,1.29,0,8
Social,6/6/2022,16,13,16,0,1.31,0,9
Referral,6/6/2022,16,12,19,0.11,1.42,0,5
Organic Search,6/6/2022,1240,1107,1340,0.05,1.09,0,8
Paid,6/6/2022,62,48,66,0.18,1.41,0,6
Social,6/7/2022,26,20,30,0.1,1.23,0,8
Referral,6/7/2022,17,13,18,0,1.17,0,7
Organic Search,6/7/2022,1341,1187,1441,0.04,1.09,0,7
Paid,6/7/2022,78,65,86,0.14,1.15,0,2
Social,6/8/2022,18,14,19,0.11,1.95,0,10
Referral,6/8/2022,25,22,29,0,1.28,0,3
Organic Search,6/8/2022,1388,1258,1499,0.05,1.08,0,11
Paid,6/8/2022,46,40,48,0.23,1.15,0,1
Social,6/9/2022,23,17,27,0.04,1.07,0,2
Referral,6/9/2022,21,15,21,0.05,1.1,0,7
Organic Search,6/9/2022,1338,1209,1425,0.04,1.11,0,7
Paid,6/9/2022,61,53,68,0.22,1.24,0,5
Social,6/10/2022,13,13,14,0,2.21,0,10
Referral,6/10/2022,18,13,19,0.05,1.58,0,9
Organic Search,6/10/2022,904,799,968,0.04,1.11,0,8
Paid,6/10/2022,59,51,66,0.24,1.21,0,1
Social,6/11/2022,19,18,21,0.05,1.71,0,5
Referral,6/11/2022,14,13,15,0.07,1.53,0,0
Organic Search,6/11/2022,375,341,402,0.05,1.16,0,9
Paid,6/11/2022,20,13,22,0.14,1.5,0.01,0
Social,6/12/2022,21,17,23,0.09,1.09,0,2
Referral,6/12/2022,11,8,13,0.08,1.62,0.01,5
Organic Search,6/12/2022,588,534,625,0.04,1.07,0,7
Paid,6/12/2022,36,29,41,0.12,2.51,0,8
Social,6/13/2022,19,17,21,0.05,0.95,0,7
Referral,6/13/2022,23,18,31,0,1.48,0,9
Organic Search,6/13/2022,1325,1188,1413,0.03,1.12,0,3
Paid,6/13/2022,53,48,58,0.28,1.22,0,3
Social,6/14/2022,20,17,21,0.05,1,0,8
Referral,6/14/2022,26,21,30,0.03,1.1,0,8
Organic Search,6/14/2022,1378,1249,1471,0.04,1.1,0,9
Paid,6/14/2022,51,39,57,0.14,1.47,0,3
Social,6/15/2022,25,22,25,0.08,1.4,0,2
Referral,6/15/2022,21,14,24,0,1.79,0.01,6
Organic Search,6/15/2022,1348,1224,1434,0.04,1.11,0,5
Paid,6/15/2022,59,47,65,0.09,1.35,0,0
Social,6/16/2022,25,21,27,0.07,1.48,0,3
Referral,6/16/2022,28,18,33,0,2.06,0,10
Organic Search,6/16/2022,1252,1140,1340,0.04,1.07,0,3
Paid,6/16/2022,65,57,75,0.15,1.09,0,0
Social,6/17/2022,16,12,18,0,1.06,0,4
Referral,6/17/2022,13,7,16,0,5.75,0.01,4
Organic Search,6/17/2022,916,826,991,0.04,1.12,0,2
Paid,6/17/2022,40,31,42,0.12,1.1,0,3
Social,6/18/2022,17,13,20,0,1.2,0,3
Referral,6/18/2022,7,4,9,0,4.89,0.01,2
Organic Search,6/18/2022,324,295,345,0.05,1.15,0,5
Paid,6/18/2022,12,12,13,0.38,1.54,0,1
Social,6/19/2022,15,15,16,0.06,1.69,0,1
Referral,6/19/2022,15,11,22,0,2.59,0,5
Organic Search,6/19/2022,487,442,530,0.04,1.08,0,2
Paid,6/19/2022,28,24,29,0.1,1.03,0,7
Social,6/20/2022,23,21,27,0.04,1.33,0,5
Referral,6/20/2022,19,14,22,0.14,1.86,0,6
Organic Search,6/20/2022,1174,1063,1262,0.03,1.09,0,2
Paid,6/20/2022,49,43,54,0.19,0.98,0,5
Social,6/21/2022,16,16,19,0,1.21,0,0
Referral,6/21/2022,28,23,33,0.06,1.58,0,4
Organic Search,6/21/2022,1321,1179,1423,0.03,1.1,0,7
Paid,6/21/2022,94,87,106,0.13,1.14,0,0
Social,6/22/2022,24,19,31,0.03,0.97,0,1
Referral,6/22/2022,29,20,33,0.09,1.09,0,7
Organic Search,6/22/2022,1345,1210,1434,0.04,1.09,0,11
Paid,6/22/2022,60,48,71,0.13,1.31,0,0
Social,6/23/2022,28,22,31,0.03,1.45,0,5
Referral,6/23/2022,13,11,18,0.11,1.11,0,3
Organic Search,6/23/2022,1318,1174,1434,0.04,1.13,0,5
Paid,6/23/2022,59,48,73,0.15,1.32,0,9
Social,6/24/2022,25,23,28,0.04,1.82,0,2
Referral,6/24/2022,18,12,22,0,1.41,0,7
Organic Search,6/24/2022,916,813,979,0.04,1.09,0,2
Paid,6/24/2022,55,46,58,0.09,1.16,0,8
Social,6/25/2022,22,19,25,0.04,1.4,0,6
Referral,6/25/2022,7,3,7,0,2.57,0,9
Organic Search,6/25/2022,363,322,389,0.05,1.16,0,8
Paid,6/25/2022,18,13,23,0.22,1.17,0,10
Social,6/26/2022,21,17,26,0.04,1.38,0,1
Referral,6/26/2022,7,4,11,0.09,1.36,0,3
Organic Search,6/26/2022,557,498,608,0.04,1.1,0,3
Paid,6/26/2022,37,27,41,0.27,1.24,0,3
Social,6/27/2022,53,50,59,0.08,1.53,0,0
Referral,6/27/2022,21,14,23,0.13,1.35,0,7
Organic Search,6/27/2022,1307,1180,1432,0.03,1.09,0,7
Paid,6/27/2022,58,51,61,0.18,1.05,0,4
Social,6/28/2022,55,48,66,0.05,1.18,0,4
Referral,6/28/2022,23,17,27,0.04,1.3,0,3
Organic Search,6/28/2022,1374,1243,1482,0.04,1.09,0,6
Paid,6/28/2022,116,107,120,0.11,1.12,0,10
Social,6/29/2022,36,31,38,0.03,1.26,0,7
Referral,6/29/2022,33,25,35,0.11,1.03,0,10
Organic Search,6/29/2022,1353,1221,1451,0.04,1.1,0,9
Paid,6/29/2022,75,65,85,0.09,1.18,0,8
Social,6/30/2022,40,34,49,0.04,1.14,0,1
Referral,6/30/2022,675,387,850,0.04,2.85,0,9
Organic Search,6/30/2022,1202,1050,1292,0.04,1.09,0,3
Paid,6/30/2022,69,57,74,0.16,1.61,0,8
Social,7/1/2022,22,17,22,0.05,1.45,0,6
Referral,7/1/2022,14,9,15,0.13,1.13,0,5
Organic Search,7/1/2022,808,705,857,0.04,1.12,0,5
Paid,7/1/2022,53,47,63,0.1,1.16,0,4
Social,7/2/2022,25,21,27,0.04,1.63,0,2
Referral,7/2/2022,11,8,13,0.08,1.46,0,8
Organic Search,7/2/2022,294,261,313,0.05,1.08,0,5
Paid,7/2/2022,12,8,12,0.42,1.25,0,8
Social,7/3/2022,24,20,25,0,1.08,0,3
Referral,7/3/2022,3,1,3,0,1,0,6
Organic Search,7/3/2022,444,398,475,0.03,1.11,0,5
Paid,7/3/2022,19,16,19,0.21,1.11,0,1
Social,7/4/2022,29,22,29,0,1.21,0,2
Referral,7/4/2022,17,14,18,0.06,1,0,10
Organic Search,7/4/2022,966,865,1037,0.03,1.11,0,6
Paid,7/4/2022,66,61,72,0.18,1.08,0,3
Social,7/5/2022,26,22,30,0.03,1.07,0,3
Referral,7/5/2022,22,20,25,0.08,1.44,0,8
Organic Search,7/5/2022,1259,1111,1355,0.04,1.08,0,5
Paid,7/5/2022,61,51,66,0.12,1.21,0,4
Social,7/6/2022,28,22,32,0.03,1.12,0,9
Referral,7/6/2022,16,13,19,0.11,2.74,0,4
Organic Search,7/6/2022,1287,1163,1395,0.05,1.11,0,4
Paid,7/6/2022,56,40,65,0.09,1.34,0,6
Social,7/7/2022,27,22,29,0.03,1.31,0,10
Referral,7/7/2022,11,10,11,0.18,2,0,6
Organic Search,7/7/2022,1209,1060,1304,0.04,1.09,0,2
Paid,7/7/2022,56,45,63,0.14,1.17,0,9
Social,7/8/2022,13,12,17,0,1.29,0,3
Referral,7/8/2022,11,10,13,0.08,0.92,0,8
Organic Search,7/8/2022,841,757,905,0.05,1.12,0,7
Paid,7/8/2022,51,46,60,0.17,7.23,0.01,10
Social,7/9/2022,17,14,18,0,1.11,0,8
Referral,7/9/2022,5,3,7,0.14,0.86,0,1
Organic Search,7/9/2022,315,283,345,0.02,1.16,0,8
Paid,7/9/2022,14,11,16,0.19,1,0,9
Social,7/10/2022,17,14,19,0,1.32,0,6
Referral,7/10/2022,4,3,4,0,1,0,2
Organic Search,7/10/2022,488,439,527,0.04,1.14,0,7
Paid,7/10/2022,33,29,38,0.16,1.26,0,3
Social,7/11/2022,35,26,35,0.03,1.23,0,10
Referral,7/11/2022,17,13,18,0.06,2,0,9
Organic Search,7/11/2022,1263,1120,1364,0.03,1.1,0,9
Paid,7/11/2022,65,52,73,0.18,1.34,0,2
Social,7/12/2022,29,28,31,0.06,1.35,0,7
Referral,7/12/2022,21,13,21,0.05,1.33,0,2
Organic Search,7/12/2022,1203,1073,1312,0.05,1.09,0,2
Paid,7/12/2022,54,47,63,0.08,1.06,0,5
Social,7/13/2022,13,12,13,0,1.08,0,2
Referral,7/13/2022,29,24,33,0.09,1.33,0,2
Organic Search,7/13/2022,1227,1101,1307,0.03,1.09,0,7
Paid,7/13/2022,66,57,72,0.18,1.06,0,5
Social,7/14/2022,21,19,26,0.04,1.35,0,10
Referral,7/14/2022,24,18,28,0.04,1.75,0,6
Organic Search,7/14/2022,1227,1101,1321,0.04,1.08,0,4
Paid,7/14/2022,60,53,65,0.11,1.26,0,10
Social,7/15/2022,22,21,24,0,1.58,0,10
Referral,7/15/2022,15,11,16,0.13,1,0,0
Organic Search,7/15/2022,882,782,946,0.03,1.13,0,4
Paid,7/15/2022,30,22,33,0.15,0.94,0,7
Social,7/16/2022,22,19,27,0.04,1.07,0,6
Referral,7/16/2022,7,6,7,0.29,1.29,0,9
Organic Search,7/16/2022,338,294,358,0.06,1.12,0,6
Paid,7/16/2022,20,17,22,0.09,1.23,0,7
(Other),7/16/2022,1,0,1,0,2,0,5
Social,7/17/2022,24,21,32,0.13,1.19,0,3
Referral,7/17/2022,10,9,11,0.18,1.09,0,4
Organic Search,7/17/2022,519,470,554,0.05,1.08,0,9
Paid,7/17/2022,30,27,31,0.16,1.9,0,0
Social,7/18/2022,27,23,35,0,1.17,0,2
Referral,7/18/2022,694,271,822,0.01,1.99,0,1
Organic Search,7/18/2022,1237,1130,1330,0.05,1.06,0,1
Paid,7/18/2022,60,49,67,0.1,1.13,0,2
Social,7/19/2022,30,26,34,0,1.21,0,1
Referral,7/19/2022,16,16,18,0.06,0.94,0,3
Organic Search,7/19/2022,1283,1148,1375,0.03,1.11,0,4
Paid,7/19/2022,49,43,53,0.13,1.79,0,4
Social,7/20/2022,25,21,29,0.07,2.17,0,4
Referral,7/20/2022,27,23,28,0.11,1.14,0,4
Organic Search,7/20/2022,1315,1185,1424,0.03,1.09,0,4
Paid,7/20/2022,49,44,60,0.12,1.2,0,3
Social,7/21/2022,25,23,29,0.1,1.31,0,2
Referral,7/21/2022,18,14,22,0.05,1.41,0,1
Organic Search,7/21/2022,1315,1174,1399,0.04,1.13,0,2
Paid,7/21/2022,55,47,58,0.19,1.22,0,4
Social,7/22/2022,22,17,22,0,1.59,0,1
Referral,7/22/2022,12,9,16,0.19,0.94,0,1
Organic Search,7/22/2022,969,870,1034,0.05,1.1,0,3
Paid,7/22/2022,49,44,56,0.2,1.25,0,4
Social,7/23/2022,16,14,20,0,1,0,2
Referral,7/23/2022,6,4,8,0.25,0.75,0,4
Organic Search,7/23/2022,329,296,352,0.02,1.12,0,3
Paid,7/23/2022,24,18,25,0.4,1.64,0,3
Social,7/24/2022,19,17,21,0.05,1.1,0,1
Referral,7/24/2022,11,9,13,0,1.23,0.01,2
Organic Search,7/24/2022,524,474,566,0.05,1.13,0,2
Paid,7/24/2022,22,18,29,0.21,1.1,0,2
(Other),7/24/2022,1,0,1,0,2,0,4
Social,7/25/2022,23,22,26,0,1.19,0,4
Referral,7/25/2022,17,14,18,0.11,1.11,0,1
Organic Search,7/25/2022,1360,1218,1453,0.03,1.11,0,1
Paid,7/25/2022,49,40,54,0.09,1.13,0,1
Social,7/26/2022,24,22,25,0.12,1.12,0,3
Referral,7/26/2022,24,22,27,0.15,1.19,0,4
Organic Search,7/26/2022,1403,1251,1514,0.03,1.09,0,4
Paid,7/26/2022,48,40,59,0.1,1.14,0,4
Social,7/27/2022,18,16,18,0.06,1.61,0,4
Referral,7/27/2022,27,23,31,0.03,1.29,0,3
Organic Search,7/27/2022,1338,1204,1461,0.03,1.08,0,2
Paid,7/27/2022,67,52,73,0.16,1.16,0,2
Social,7/28/2022,15,13,17,0.12,1.18,0,4
Referral,7/28/2022,19,18,20,0.1,1.4,0,2
Organic Search,7/28/2022,1258,1120,1350,0.04,1.11,0,2
Paid,7/28/2022,64,57,73,0.19,1.26,0,2
Social,7/29/2022,19,18,20,0.05,0.95,0,3
Referral,7/29/2022,12,9,14,0.07,1.21,0,2
Organic Search,7/29/2022,905,805,967,0.04,1.08,0,1
Paid,7/29/2022,27,19,30,0.1,1.33,0,1
Social,7/30/2022,19,17,20,0.05,2.4,0,4
Referral,7/30/2022,4,4,4,0,1.5,0,3
Organic Search,7/30/2022,314,279,340,0.08,1.14,0,4
Paid,7/30/2022,34,32,35,0.63,1,0,4
Social,7/31/2022,17,13,18,0.11,1.06,0,2
Referral,7/31/2022,13,7,15,0,1.07,0,2
Organic Search,7/31/2022,486,425,516,0.03,1.08,0,4
Paid,7/31/2022,28,26,33,0.09,1.15,0,4
Social,8/1/2022,27,26,30,0.03,1.2,0,2
Referral,8/1/2022,25,18,27,0.04,1.44,0,3
Organic Search,8/1/2022,1182,1071,1263,0.04,1.09,0,1
Paid,8/1/2022,66,54,78,0.1,1.23,0,4
Social,8/2/2022,21,20,25,0.04,1.24,0,4
Referral,8/2/2022,22,19,22,0.05,1.27,0,4
Organic Search,8/2/2022,1286,1153,1374,0.03,1.1,0,2
Paid,8/2/2022,57,48,63,0.05,1.16,0,1
Social,8/3/2022,16,15,19,0.05,1.05,0,3
Referral,8/3/2022,22,18,26,0,1.54,0,1
Organic Search,8/3/2022,1332,1190,1430,0.04,1.1,0,1
Paid,8/3/2022,54,48,65,0.15,1.2,0,2
Social,8/4/2022,20,18,22,0.18,1.27,0,3
Referral,8/4/2022,28,26,31,0.1,1.29,0,1
Organic Search,8/4/2022,1286,1151,1380,0.04,1.11,0,2
Paid,8/4/2022,51,42,58,0.12,0.88,0,3
(Other),8/4/2022,1,0,1,0,2,0,1
Social,8/5/2022,11,9,13,0.15,1,0,3
Referral,8/5/2022,14,9,17,0.06,1.18,0,4
Organic Search,8/5/2022,884,797,949,0.04,1.08,0,2
Paid,8/5/2022,58,54,63,0.29,1.16,0,1
Social,8/6/2022,16,12,17,0,2.18,0,1
Referral,8/6/2022,9,7,13,0.08,0.85,0,3
Organic Search,8/6/2022,321,293,345,0.06,1.1,0,1
Paid,8/6/2022,20,17,23,0.17,1.04,0,3
Social,8/7/2022,22,20,25,0,1.32,0,1
Referral,8/7/2022,15,14,20,0.05,1,0,4
Organic Search,8/7/2022,496,446,530,0.04,1.13,0,3
Paid,8/7/2022,20,18,21,0.14,1.29,0,2
Social,8/8/2022,22,16,25,0,1.48,0,4
Referral,8/8/2022,14,11,14,0.07,1.14,0,2
Organic Search,8/8/2022,1223,1091,1309,0.04,1.1,0,2
Paid,8/8/2022,41,34,46,0.22,1.28,0,3
Social,8/9/2022,28,23,33,0.03,1.55,0,1
Referral,8/9/2022,17,15,20,0,1.1,0,4
Organic Search,8/9/2022,1267,1105,1376,0.04,1.05,0,1
Paid,8/9/2022,32,25,33,0.06,1.06,0,1
Social,8/10/2022,16,15,18,0,1.06,0,4
Referral,8/10/2022,24,23,25,0.24,1.48,0,3
Organic Search,8/10/2022,1259,1145,1344,0.05,1.1,0,2
Paid,8/10/2022,67,57,83,0.12,1.06,0,4
(Other),8/10/2022,1,0,1,1,1,0,2
Social,8/11/2022,11,8,12,0,1.08,0,2
Referral,8/11/2022,21,19,24,0.13,1.21,0,1
Organic Search,8/11/2022,1176,1056,1247,0.05,1.08,0,3
Paid,8/11/2022,59,49,70,0.19,1.2,0,4
Social,8/12/2022,16,13,20,0.05,1.55,0,4
Referral,8/12/2022,16,13,19,0.11,1.32,0,4
Organic Search,8/12/2022,874,778,936,0.05,1.1,0,3
Paid,8/12/2022,42,36,44,0.2,1.14,0,3
(Other),8/12/2022,1,0,2,0.5,2.5,0.01,2
Social,8/13/2022,16,15,17,0,1.12,0,1
Referral,8/13/2022,7,6,8,0.25,1.12,0,1
Organic Search,8/13/2022,298,278,329,0.06,1.13,0,3
Paid,8/13/2022,30,29,33,0.3,1.03,0,4
(Other),8/13/2022,1,0,1,0,4,0.01,3
Social,8/14/2022,22,16,24,0,1.04,0,2
Referral,8/14/2022,13,12,14,0.07,1.29,0,2
Organic Search,8/14/2022,469,426,515,0.06,1.06,0,4
Paid,8/14/2022,29,26,31,0.26,1.32,0,1
Social,8/15/2022,18,13,20,0,1.65,0,3
Referral,8/15/2022,11,10,11,0,1.36,0,1
Organic Search,8/15/2022,1082,957,1172,0.04,1.09,0,4
Paid,8/15/2022,61,53,66,0.09,1.15,0,3
(Other),8/15/2022,1,0,1,0,1,0,2
Social,8/16/2022,28,22,31,0.16,1.55,0,4
Referral,8/16/2022,24,22,30,0.07,1.17,0,2
Organic Search,8/16/2022,1345,1197,1457,0.04,1.1,0,2
Paid,8/16/2022,51,43,60,0.12,1.08,0,3
Social,8/17/2022,24,20,29,0.03,1.45,0,4
Referral,8/17/2022,23,18,24,0.17,1,0,3
Organic Search,8/17/2022,1353,1196,1473,0.04,1.08,0,2
Paid,8/17/2022,91,80,104,0.21,1.22,0,4
Social,8/18/2022,30,26,34,0.03,1.18,0,1
Referral,8/18/2022,27,25,27,0.15,1.22,0,1
Organic Search,8/18/2022,1260,1124,1368,0.05,1.09,0,2
Paid,8/18/2022,78,70,94,0.12,1.33,0,4
Social,8/19/2022,27,21,31,0.03,1.94,0,4
Referral,8/19/2022,16,14,16,0.19,1.38,0,1
Organic Search,8/19/2022,865,761,927,0.06,1.06,0,1
Paid,8/19/2022,63,57,66,0.32,1.09,0,3
Social,8/20/2022,26,21,29,0.07,1.14,0,0
Referral,8/20/2022,8,8,9,0,2.89,0,2
Organic Search,8/20/2022,333,310,356,0.07,1.12,0,1
Paid,8/20/2022,39,29,44,0.16,1.09,0,2
Social,8/21/2022,30,24,37,0.05,1.38,0,4
Referral,8/21/2022,8,7,9,0.33,1.22,0,2
Organic Search,8/21/2022,553,496,584,0.08,1.08,0,1
Paid,8/21/2022,35,30,40,0.13,2,0,0
Social,8/22/2022,24,18,26,0.08,1.08,0,0
Referral,8/22/2022,26,21,27,0.15,1.19,0,1
Organic Search,8/22/2022,1233,1105,1317,0.06,1.08,0,3
Paid,8/22/2022,67,56,71,0.18,1.15,0,1
Social,8/23/2022,25,20,25,0.04,1.12,0,0
Referral,8/23/2022,25,17,28,0.07,1.14,0,2
Organic Search,8/23/2022,1355,1207,1459,0.04,1.09,0,0
Paid,8/23/2022,61,54,69,0.14,1.3,0,3
Social,8/24/2022,24,18,26,0.04,1.54,0,2
Referral,8/24/2022,24,20,27,0.07,1.48,0,2
Organic Search,8/24/2022,1263,1141,1344,0.05,1.1,0,2
Paid,8/24/2022,54,46,61,0.1,1.08,0,1
Social,8/25/2022,16,14,21,0.05,1.38,0,1
Referral,8/25/2022,27,23,29,0.21,1.38,0,1
Organic Search,8/25/2022,1256,1122,1344,0.05,1.11,0,0
Paid,8/25/2022,41,35,47,0.11,1.04,0,1
Social,8/26/2022,16,14,17,0,1.18,0,4
Referral,8/26/2022,26,23,26,0.23,1.58,0,1
Organic Search,8/26/2022,887,798,948,0.06,1.11,0,2
Paid,8/26/2022,42,35,44,0.11,1.16,0,4
Social,8/27/2022,22,18,23,0,1.48,0,3
Referral,8/27/2022,22,22,23,0.26,1.43,0,3
Organic Search,8/27/2022,364,335,380,0.07,1.18,0,4
Paid,8/27/2022,30,25,30,0.37,1.07,0,0
Social,8/28/2022,18,11,23,0.09,1.26,0,1
Referral,8/28/2022,29,26,29,0.17,1.62,0,4
Organic Search,8/28/2022,568,516,611,0.07,1.1,0,3
Paid,8/28/2022,27,24,28,0.18,1.18,0,0
Social,8/29/2022,23,14,26,0,1.35,0,4
Referral,8/29/2022,15,13,17,0.06,1.24,0,4
Organic Search,8/29/2022,1250,1120,1340,0.05,1.08,0,0
Paid,8/29/2022,45,38,51,0.18,1.22,0,0
Social,8/30/2022,15,10,16,0.19,1.88,0,3
Referral,8/30/2022,17,11,17,0.18,1.24,0,2
Organic Search,8/30/2022,1310,1161,1434,0.04,1.07,0,1
Paid,8/30/2022,60,51,69,0.2,1.04,0,1
Social,8/31/2022,20,15,21,0,1.33,0,2
Referral,8/31/2022,11,7,13,0,0.77,0,1
Organic Search,8/31/2022,1356,1220,1458,0.04,1.06,0,1
Paid,8/31/2022,46,40,47,0.15,1.11,0,4
Social,9/1/2022,21,16,25,0,1.72,0,4
Referral,9/1/2022,26,20,29,0.24,1.17,0,4
Organic Search,9/1/2022,1262,1132,1362,0.04,1.07,0,4
Paid,9/1/2022,50,43,59,0.24,1.64,0,0
Social,9/2/2022,18,15,22,0.09,1.27,0,0
Referral,9/2/2022,13,13,13,0.08,1.38,0,0
Organic Search,9/2/2022,917,810,981,0.05,1.09,0,0
Paid,9/2/2022,44,37,49,0.16,1.29,0,2
Social,9/3/2022,19,16,20,0.05,1.25,0,2
Referral,9/3/2022,8,6,8,0.25,1.12,0,2
Organic Search,9/3/2022,364,329,397,0.08,1.1,0,4
Paid,9/3/2022,25,23,28,0.21,1.36,0,4
Social,9/4/2022,16,15,18,0.06,1.22,0,0
Referral,9/4/2022,6,6,6,0.17,1.17,0,4
Organic Search,9/4/2022,575,514,610,0.06,1.12,0,4
Paid,9/4/2022,40,35,42,0.36,1.1,0,4
Social,9/5/2022,35,31,41,0.02,1.17,0,0
Referral,9/5/2022,20,15,23,0.09,1.09,0,2
Organic Search,9/5/2022,1060,939,1137,0.05,1.09,0,3
Paid,9/5/2022,39,35,43,0.28,1.05,0,2
Social,9/6/2022,27,23,34,0.06,1.29,0,0
Referral,9/6/2022,23,19,24,0.04,1.12,0,3
Organic Search,9/6/2022,1381,1246,1476,0.05,1.07,0,3
Paid,9/6/2022,43,35,49,0.16,1.1,0,1
Social,9/7/2022,22,18,25,0.08,1.44,0,4
Referral,9/7/2022,21,18,22,0.14,1.09,0,0
Organic Search,9/7/2022,1421,1292,1532,0.04,1.08,0,3
Paid,9/7/2022,58,47,62,0.19,1.05,0,4
Social,9/8/2022,27,25,30,0.03,1.23,0,2
Referral,9/8/2022,20,18,24,0,1.46,0,2
Organic Search,9/8/2022,1333,1204,1437,0.04,1.08,0,3
Paid,9/8/2022,46,36,57,0.23,1.05,0,2
Social,9/9/2022,15,13,16,0,1.06,0,1
Referral,9/9/2022,14,10,15,0.07,1.33,0,3
Organic Search,9/9/2022,976,871,1032,0.05,1.11,0,2
Paid,9/9/2022,39,32,43,0.21,1.16,0,3
Social,9/10/2022,21,16,22,0.05,1.45,0,0
Referral,9/10/2022,8,7,8,0,2,0,4
Organic Search,9/10/2022,438,396,470,0.07,1.12,0,0
Paid,9/10/2022,25,22,28,0.32,1.21,0,4
Social,9/11/2022,27,21,32,0.03,1.06,0,2
Referral,9/11/2022,11,10,12,0.08,1.83,0,3
Organic Search,9/11/2022,690,623,737,0.06,1.13,0,0
Paid,9/11/2022,43,40,49,0.1,1.41,0,2
(Other),9/11/2022,1,0,1,0,17,0.01,4
Social,9/12/2022,23,15,23,0,1.26,0,0
Referral,9/12/2022,33,30,34,0.12,1.38,0,2
Organic Search,9/12/2022,1459,1329,1561,0.05,1.11,0,1
Paid,9/12/2022,51,44,58,0.12,1.16,0,0
Social,9/13/2022,22,14,24,0,1.25,0,2
Referral,9/13/2022,28,23,28,0.04,1.54,0,3
Organic Search,9/13/2022,1646,1490,1749,0.05,1.07,0,2
Paid,9/13/2022,70,65,74,0.24,1.07,0,2
Social,9/14/2022,23,18,26,0.15,1.12,0,2
Referral,9/14/2022,31,23,36,0.06,0.89,0,2
Organic Search,9/14/2022,1531,1378,1640,0.05,1.05,0,0
Paid,9/14/2022,68,57,80,0.15,1.11,0,4
Social,9/15/2022,32,27,37,0,0.95,0,3
Referral,9/15/2022,32,30,35,0.06,1.11,0,2
Organic Search,9/15/2022,1488,1360,1596,0.05,1.09,0,2
Paid,9/15/2022,57,51,62,0.11,1.06,0,4
Social,9/16/2022,20,11,20,0.05,1.2,0,3
Referral,9/16/2022,21,15,25,0.04,1.08,0,3
Organic Search,9/16/2022,1033,932,1116,0.04,1.09,0,4
Paid,9/16/2022,61,52,71,0.2,1.42,0,1
Social,9/17/2022,16,13,16,0.13,1.12,0,1
Referral,9/17/2022,15,12,19,0.16,1.21,0,2
Organic Search,9/17/2022,452,413,480,0.06,1.06,0,2
Paid,9/17/2022,23,19,25,0.24,1.16,0,1
(Other),9/17/2022,1,0,1,1,1,0,1
Social,9/18/2022,16,13,18,0,1.28,0,0
Referral,9/18/2022,11,6,15,0.13,0.87,0,1
Organic Search,9/18/2022,697,630,735,0.07,1.1,0,3
Paid,9/18/2022,36,30,41,0.2,3.17,0,2
Social,9/19/2022,21,16,21,0.05,1.52,0,1
Referral,9/19/2022,26,19,27,0.04,0.96,0,0
Organic Search,9/19/2022,1510,1364,1628,0.05,1.07,0,2
Paid,9/19/2022,46,42,52,0.13,1.29,0,4
Social,9/20/2022,20,19,21,0.14,1.86,0,4
Referral,9/20/2022,31,25,34,0.09,1.56,0,8
Organic Search,9/20/2022,1625,1457,1742,0.04,1.07,0,9
Paid,9/20/2022,65,54,68,0.21,1.07,0,6
Social,9/21/2022,21,20,24,0,1.17,0,3
Referral,9/21/2022,27,18,30,0.03,1.2,0,3
Organic Search,9/21/2022,1677,1514,1792,0.05,1.08,0,5
Paid,9/21/2022,51,43,61,0.11,1.28,0,6
(Other),9/21/2022,1,1,1,0,1,0,2
Social,9/22/2022,35,29,36,0.03,1.19,0,5
Referral,9/22/2022,24,20,25,0.12,1.12,0,5
Organic Search,9/22/2022,1565,1422,1695,0.05,1.08,0,4
Paid,9/22/2022,58,46,62,0.11,1.11,0,10
Social,9/23/2022,25,22,26,0,1.19,0,10
Referral,9/23/2022,18,12,20,0.15,0.95,0,7
Organic Search,9/23/2022,1180,1060,1255,0.06,1.05,0,5
Paid,9/23/2022,42,34,47,0.13,1.28,0,2
Social,9/24/2022,15,10,17,0,0.94,0,4
Referral,9/24/2022,7,7,7,0.14,1,0,4
Organic Search,9/24/2022,490,445,524,0.06,1.09,0,2
Paid,9/24/2022,22,21,22,0.23,1.05,0,2
Social,9/25/2022,16,12,16,0,1,0,2
Referral,9/25/2022,11,10,13,0.23,1.38,0,1
Organic Search,9/25/2022,792,725,835,0.04,1.08,0,2
Paid,9/25/2022,25,22,26,0.12,2.23,0,3
Social,9/26/2022,27,22,29,0.1,1.17,0,2
Referral,9/26/2022,20,14,24,0.04,0.96,0,1
Organic Search,9/26/2022,1705,1550,1819,0.04,1.08,0,3
Paid,9/26/2022,66,55,72,0.28,1.31,0,0
Social,9/27/2022,26,19,28,0.11,1.5,0,0
Referral,9/27/2022,35,26,38,0.13,1.13,0,0
Organic Search,9/27/2022,1696,1541,1815,0.05,1.08,0,0
Paid,9/27/2022,59,49,67,0.21,1.03,0,0
Social,9/28/2022,19,13,21,0,1.05,0,0
Referral,9/28/2022,19,16,19,0.16,1.26,0,0
Organic Search,9/28/2022,1755,1602,1883,0.04,1.08,0,0
Paid,9/28/2022,67,61,76,0.13,1.25,0,2
Social,9/29/2022,22,19,26,0,2,0,2
Referral,9/29/2022,28,25,31,0.06,2.03,0,1
Organic Search,9/29/2022,1718,1560,1846,0.07,1.81,0,2
Paid,9/29/2022,92,83,105,0.18,2.03,0,1
Social,9/30/2022,20,18,22,0,2.45,0,2
Referral,9/30/2022,25,19,29,0,2.55,0,0
Organic Search,9/30/2022,1281,1165,1359,0.08,2.06,0,2
Paid,9/30/2022,85,77,93,0.33,2.41,0,0
